code,system
9Os3.00,readv2
9Os4.00,readv2
G573000,readv2
14AN.00,readv2
14AR.00,readv2
28994,readv2
6345,readv2
93460,readv2
212R.00,readv2
3272.00,readv2
G573300,readv2
9hF1.00,readv2
6A9..00,readv2
9hF..00,readv2
9Os0.00,readv2
9Os2.00,readv2
9Os1.00,readv2
G573400,readv2
G573100,readv2
G573.00,readv2
3273.00,readv2
G573z00,readv2
2212,readv2
6771,readv2
23437,readv2
1757,readv2
I48,readv2
9Os..00,readv2
662S.00,readv2
90189,readv2
90190,readv2
90188,readv2
90187,readv2
57832,readv2
90191,readv2
45773,readv2
63350,readv2
39114,readv2
18746,readv2
G573500,readv2
96076,readv2
96277,readv2
G573200,readv2
1268,readv2
1664,readv2
35127,readv2
3757,readv2